Employee_ID,Age,Department,City,Experience_Yrs,Salary,Performance,Attrition,Satisfaction,Projects_Done
EMP1000,50.0,Engineering,Chennai,19,49454.0,Good,No,3,16
EMP1001,36.0,Engineering,Mumbai,5,,Excellent,No,2,17
EMP1002,29.0,Finance,Mumbai,18,,Average,No,3,15
EMP1003,42.0,Finance,Chennai,4,52163.0,Excellent,No,3,3
EMP1004,,Finance,Bangalore,2,53488.0,Good,No,3,12
EMP1005,44.0,Marketing,Delhi,0,51843.0,Poor,No,2,9
EMP1006,32.0,Finance,Hyderabad,14,61309.0,Excellent,No,1,12
EMP1007,32.0,Sales,Delhi,33,68200.0,Good,No,1,15
EMP1008,45.0,HR,Chennai,34,61848.0,Average,No,4,2
EMP1009,57.0,Sales,Mumbai,24,70641.0,Average,No,4,18
EMP1010,,Sales,Mumbai,23,30462.0,Average,No,2,12
EMP1011,24.0,Finance,Hyderabad,11,56726.0,Good,No,5,4
EMP1012,43.0,HR,Mumbai,17,44648.0,Average,Yes,1,16
EMP1013,23.0,HR,Mumbai,14,64525.0,Good,No,4,16
EMP1014,45.0,HR,Hyderabad,15,64303.0,Average,Yes,1,1
EMP1015,51.0,Marketing,Hyderabad,26,58265.0,Poor,No,2,2
EMP1016,59.0,Finance,Chennai,7,67654.0,Average,No,2,3
EMP1017,23.0,HR,Mumbai,24,74967.0,Average,No,5,17
EMP1018,42.0,Marketing,Mumbai,16,59092.0,Excellent,No,5,1
EMP1019,54.0,Engineering,Chennai,28,44224.0,Average,No,2,6
EMP1020,33.0,Engineering,Bangalore,7,36281.0,Average,No,4,15
EMP1021,43.0,Marketing,Bangalore,14,250000.0,Excellent,Yes,1,14
EMP1022,46.0,Marketing,Bangalore,26,63628.0,Average,No,3,15
EMP1023,48.0,Finance,Chennai,6,45457.0,Good,Yes,5,14
EMP1024,49.0,Finance,Mumbai,2,70886.0,Average,No,3,5
EMP1025,37.0,Engineering,Chennai,28,53115.0,Average,No,4,6
EMP1026,36.0,HR,Chennai,23,35153.0,Average,No,5,17
EMP1027,24.0,Engineering,Bangalore,2,78846.0,Excellent,No,3,11
EMP1028,58.0,HR,Delhi,19,77159.0,Good,No,4,16
EMP1029,28.0,HR,Mumbai,14,29766.0,Good,No,1,12
EMP1030,42.0,Finance,Bangalore,24,51560.0,Poor,Yes,4,15
EMP1031,30.0,Sales,Delhi,29,50976.0,Good,Yes,5,4
EMP1032,,Sales,Delhi,13,84592.0,Good,Yes,2,18
EMP1033,25.0,Marketing,Hyderabad,6,58510.0,Average,No,1,3
EMP1034,46.0,Finance,Mumbai,16,37561.0,Good,No,3,8
EMP1035,35.0,HR,Delhi,19,73231.0,Average,No,5,3
EMP1036,30.0,Sales,Bangalore,8,41538.0,Average,No,2,8
EMP1037,47.0,HR,Hyderabad,21,56094.0,Average,No,4,18
EMP1038,23.0,Sales,Mumbai,1,48453.0,Good,No,2,10
EMP1039,41.0,Sales,Chennai,23,51593.0,Good,No,5,17
EMP1040,49.0,Sales,Bangalore,7,,Excellent,No,5,8
EMP1041,28.0,Finance,Delhi,10,82819.0,Excellent,No,2,11
EMP1042,29.0,Engineering,Delhi,12,40884.0,Excellent,No,4,5
EMP1043,56.0,HR,Bangalore,16,69391.0,Excellent,No,2,13
EMP1044,35.0,Finance,Delhi,7,49008.0,Average,Yes,5,5
EMP1045,,Finance,Hyderabad,20,49474.0,Average,No,5,13
EMP1046,57.0,Finance,Mumbai,17,67359.0,Good,No,3,6
EMP1047,25.0,Finance,Hyderabad,29,44581.0,Average,No,3,5
EMP1048,23.0,Finance,Delhi,17,67059.0,Poor,No,1,9
EMP1049,27.0,Marketing,Chennai,30,70951.0,Average,Yes,5,16
EMP1050,25.0,HR,Mumbai,31,53512.0,Average,No,3,2
EMP1051,50.0,Finance,Mumbai,10,79906.0,Good,No,2,1
EMP1052,39.0,HR,Bangalore,24,40907.0,Good,No,4,8
EMP1053,47.0,Marketing,Bangalore,32,80181.0,Excellent,No,2,19
EMP1054,55.0,Marketing,Chennai,7,30840.0,Good,No,4,11
EMP1055,31.0,HR,Mumbai,10,100495.0,Poor,No,3,12
EMP1056,57.0,Sales,Chennai,21,53906.0,Average,No,1,12
EMP1057,35.0,Engineering,Bangalore,23,42565.0,Good,No,2,7
EMP1058,52.0,Sales,Bangalore,16,56509.0,Good,Yes,2,13
EMP1059,36.0,Sales,Mumbai,11,44302.0,Average,No,2,8
EMP1060,29.0,Sales,Hyderabad,31,65804.0,Excellent,No,4,9
EMP1061,35.0,Finance,Delhi,14,80514.0,Good,No,3,7
EMP1062,44.0,Marketing,Bangalore,15,45098.0,Average,No,2,15
EMP1063,42.0,Sales,Bangalore,21,68690.0,Good,No,2,2
EMP1064,37.0,Marketing,Hyderabad,27,37008.0,Excellent,No,1,12
EMP1065,39.0,HR,Hyderabad,19,75494.0,Good,No,1,1
EMP1066,45.0,Engineering,Chennai,32,66243.0,Average,No,3,8
EMP1067,47.0,HR,Chennai,9,76142.0,Good,No,3,5
EMP1068,46.0,HR,Delhi,31,58164.0,Good,No,5,15
EMP1069,50.0,Finance,Delhi,32,53472.0,Good,No,1,1
EMP1070,36.0,Engineering,Mumbai,1,72241.0,Good,No,5,1
EMP1071,22.0,HR,Chennai,32,40379.0,Good,Yes,4,10
EMP1072,46.0,HR,Bangalore,32,33857.0,Average,No,5,10
EMP1073,28.0,Engineering,Chennai,12,59925.0,Excellent,No,2,15
EMP1074,30.0,Engineering,Bangalore,29,54156.0,Average,No,5,17
EMP1075,45.0,HR,Hyderabad,32,68307.0,Excellent,No,3,6
EMP1076,22.0,Engineering,Chennai,12,76373.0,Good,No,4,3
EMP1077,29.0,HR,Hyderabad,25,67995.0,Excellent,Yes,2,13
EMP1078,45.0,HR,Delhi,21,75178.0,Good,No,5,16
EMP1079,32.0,Finance,Delhi,1,64815.0,Good,Yes,4,8
EMP1080,38.0,Sales,Mumbai,25,,Good,No,4,15
EMP1081,29.0,HR,Chennai,14,58250.0,Excellent,No,2,17
EMP1082,56.0,Marketing,Hyderabad,33,66975.0,Average,No,5,17
EMP1083,56.0,Sales,Bangalore,10,62499.0,Excellent,No,4,13
EMP1084,54.0,Sales,Delhi,2,64877.0,Average,No,4,17
EMP1085,26.0,Sales,Delhi,5,57499.0,Poor,No,1,6
EMP1086,49.0,Finance,Bangalore,8,72133.0,Good,Yes,4,17
EMP1087,28.0,HR,Hyderabad,5,49343.0,Good,No,1,16
EMP1088,30.0,Finance,Hyderabad,8,59724.0,Good,No,5,14
EMP1089,29.0,HR,Chennai,30,79676.0,Excellent,No,5,13
EMP1090,33.0,Finance,Chennai,31,45769.0,Good,No,5,6
EMP1091,55.0,Finance,Mumbai,11,27572.0,Average,No,3,3
EMP1092,54.0,Marketing,Delhi,7,65496.0,Good,No,5,14
EMP1093,44.0,Finance,Chennai,7,56145.0,Excellent,Yes,4,14
EMP1094,45.0,Engineering,Hyderabad,27,75162.0,Average,No,2,15
EMP1095,58.0,Marketing,Bangalore,19,58042.0,Good,No,1,8
EMP1096,56.0,Finance,Hyderabad,6,50934.0,Average,No,3,15
EMP1097,43.0,Sales,Delhi,10,58862.0,Good,No,5,13
EMP1098,48.0,Engineering,Hyderabad,19,76396.0,Good,Yes,5,17
EMP1099,56.0,Engineering,Mumbai,15,68630.0,Excellent,No,2,3
EMP1100,22.0,Engineering,Delhi,3,25000.0,Excellent,No,2,6
EMP1101,56.0,Marketing,Bangalore,5,250000.0,Poor,Yes,3,5
EMP1102,58.0,Finance,Mumbai,21,63536.0,Good,Yes,1,17
EMP1103,35.0,Finance,Delhi,25,59726.0,Poor,No,5,2
EMP1104,24.0,Sales,Bangalore,2,50836.0,Good,No,3,15
EMP1105,22.0,Sales,Mumbai,13,77917.0,Excellent,No,4,5
EMP1106,26.0,Engineering,Mumbai,10,78660.0,Excellent,No,4,6
EMP1107,47.0,Sales,Delhi,17,26952.0,Good,No,3,6
EMP1108,35.0,Marketing,Chennai,11,48030.0,Poor,No,5,18
EMP1109,48.0,Finance,Mumbai,22,57829.0,Good,No,3,18
EMP1110,30.0,Engineering,Mumbai,11,74227.0,Good,No,5,4
EMP1111,36.0,Sales,Bangalore,12,60522.0,Good,No,2,17
EMP1112,36.0,Marketing,Hyderabad,24,49746.0,Excellent,No,3,14
EMP1113,47.0,Marketing,Delhi,18,70643.0,Good,Yes,5,14
EMP1114,34.0,Sales,Delhi,7,56829.0,Excellent,No,3,13
EMP1115,53.0,Finance,Chennai,28,58238.0,Average,No,3,7
EMP1116,53.0,Sales,Chennai,31,59592.0,Good,No,5,12
EMP1117,25.0,Engineering,Delhi,17,68614.0,Good,No,5,15
EMP1118,51.0,Sales,Chennai,5,55371.0,Good,No,1,19
EMP1119,58.0,Marketing,Bangalore,17,,Good,No,3,11
EMP1120,44.0,Sales,Delhi,18,58903.0,Poor,Yes,4,15
EMP1121,36.0,Finance,Chennai,21,43994.0,Good,No,3,12
EMP1122,50.0,HR,Delhi,31,59448.0,Excellent,No,3,3
EMP1123,57.0,Sales,Hyderabad,2,,Average,No,5,17
EMP1124,34.0,Finance,Mumbai,27,60614.0,Excellent,Yes,3,3
EMP1125,53.0,Finance,Delhi,9,72442.0,Excellent,No,3,19
EMP1126,28.0,Marketing,Mumbai,34,43895.0,Poor,No,4,4
EMP1127,43.0,Finance,Chennai,28,65464.0,Average,No,5,3
EMP1128,49.0,Finance,Mumbai,14,47564.0,Poor,No,3,16
EMP1129,23.0,Finance,Delhi,32,63025.0,Good,No,2,12
EMP1130,27.0,Finance,Hyderabad,6,72903.0,Good,No,1,8
EMP1131,49.0,Engineering,Chennai,11,28057.0,Excellent,No,4,17
EMP1132,49.0,Engineering,Delhi,29,43282.0,Good,No,3,7
EMP1133,41.0,Marketing,Chennai,20,54465.0,Average,Yes,2,11
EMP1134,51.0,Sales,Bangalore,30,64725.0,Good,No,3,18
EMP1135,32.0,Finance,Mumbai,23,57504.0,Average,No,3,1
EMP1136,49.0,Sales,Bangalore,19,59311.0,Average,No,5,3
EMP1137,46.0,Sales,Delhi,3,90644.0,Excellent,Yes,5,4
EMP1138,,Marketing,Hyderabad,27,41813.0,Good,No,5,13
EMP1139,22.0,Finance,Chennai,19,77032.0,Average,No,2,6
EMP1140,48.0,Finance,Mumbai,23,54750.0,Good,Yes,3,14
EMP1141,34.0,HR,Chennai,31,68242.0,Average,Yes,1,5
EMP1142,24.0,Sales,Delhi,33,91934.0,Good,Yes,4,16
EMP1143,27.0,Sales,Chennai,1,70330.0,Excellent,No,5,15
EMP1144,29.0,Engineering,Mumbai,14,65587.0,Good,Yes,5,15
EMP1145,48.0,HR,Delhi,33,83986.0,Poor,Yes,3,4
EMP1146,30.0,Engineering,Chennai,5,76871.0,Excellent,No,3,8
EMP1147,58.0,Engineering,Hyderabad,11,48009.0,Average,No,2,16
EMP1148,54.0,Engineering,Delhi,2,64417.0,Good,Yes,2,16
EMP1149,,Marketing,Delhi,17,34237.0,Average,Yes,5,4
EMP1150,36.0,Marketing,Hyderabad,20,51897.0,Average,Yes,3,13
EMP1151,53.0,Engineering,Bangalore,14,64710.0,Good,No,1,13
EMP1152,53.0,HR,Mumbai,32,50968.0,Good,No,4,2
EMP1153,45.0,Sales,Bangalore,34,64100.0,Average,Yes,3,3
EMP1154,33.0,HR,Chennai,25,59799.0,Good,Yes,3,8
EMP1155,23.0,Finance,Hyderabad,7,68046.0,Average,No,2,15
EMP1156,24.0,Marketing,Bangalore,29,53637.0,Excellent,No,4,11
EMP1157,58.0,Sales,Delhi,22,45897.0,Average,No,5,9
EMP1158,38.0,Sales,Chennai,13,82171.0,Average,No,3,7
EMP1159,23.0,Finance,Chennai,13,52564.0,Poor,No,5,13
EMP1160,23.0,Finance,Bangalore,1,69900.0,Excellent,No,3,2
EMP1161,49.0,Engineering,Bangalore,4,,Good,No,5,8
EMP1162,44.0,Marketing,Hyderabad,13,250000.0,Good,No,4,7
EMP1163,58.0,Marketing,Mumbai,24,47155.0,Good,No,2,12
EMP1164,53.0,HR,Bangalore,19,57320.0,Good,Yes,4,19
EMP1165,54.0,Engineering,Bangalore,1,75263.0,Excellent,No,1,7
EMP1166,22.0,Engineering,Delhi,5,63093.0,Average,Yes,2,10
EMP1167,40.0,Engineering,Chennai,16,41922.0,Good,No,4,16
EMP1168,23.0,Engineering,Mumbai,24,68949.0,Excellent,No,1,3
EMP1169,47.0,Marketing,Delhi,27,71542.0,Average,No,3,10
EMP1170,53.0,Marketing,Hyderabad,1,54670.0,Good,Yes,3,6
EMP1171,27.0,Engineering,Hyderabad,34,69153.0,Excellent,No,5,18
EMP1172,53.0,HR,Bangalore,4,63675.0,Poor,No,2,18
EMP1173,25.0,Sales,Bangalore,0,57038.0,Poor,No,3,5
EMP1174,32.0,Sales,Hyderabad,11,40596.0,Good,No,2,7
EMP1175,38.0,HR,Bangalore,22,76169.0,Excellent,No,3,2
EMP1176,59.0,Engineering,Mumbai,30,71388.0,Average,No,5,11
EMP1177,45.0,Marketing,Bangalore,10,68758.0,Good,No,4,13
EMP1178,26.0,Sales,Chennai,9,83167.0,Good,No,5,5
EMP1179,55.0,Finance,Bangalore,2,74177.0,Good,Yes,1,6
EMP1180,,Finance,Delhi,13,70298.0,Good,No,3,14
EMP1181,43.0,HR,Mumbai,15,26801.0,Good,No,1,12
EMP1182,32.0,Engineering,Delhi,9,,Good,No,1,4
EMP1183,37.0,Sales,Delhi,28,61246.0,Average,No,2,6
EMP1184,54.0,Engineering,Chennai,9,64687.0,Poor,No,3,10
EMP1185,30.0,Sales,Mumbai,11,64789.0,Good,No,1,18
EMP1186,27.0,HR,Mumbai,29,71607.0,Average,No,4,15
EMP1187,37.0,HR,Mumbai,0,76832.0,Average,No,1,8
EMP1188,50.0,Finance,Mumbai,4,69513.0,Good,No,4,9
EMP1189,24.0,Engineering,Mumbai,19,67129.0,Good,No,2,5
EMP1190,41.0,Finance,Chennai,7,63472.0,Average,No,1,10
EMP1191,57.0,Engineering,Bangalore,11,25000.0,Good,Yes,5,6
EMP1192,40.0,Finance,Delhi,0,55686.0,Average,No,2,16
EMP1193,47.0,Marketing,Mumbai,19,45876.0,Good,No,4,3
EMP1194,24.0,Marketing,Bangalore,27,78161.0,Poor,No,2,10
EMP1195,40.0,Marketing,Bangalore,11,69285.0,Excellent,No,1,11
EMP1196,41.0,Marketing,Delhi,27,53127.0,Excellent,No,3,11
EMP1197,53.0,Sales,Chennai,14,54634.0,Average,No,3,17
EMP1198,28.0,Marketing,Hyderabad,5,54090.0,Good,Yes,4,4
EMP1199,54.0,HR,Hyderabad,19,53822.0,Good,Yes,4,4
EMP1200,39.0,HR,Bangalore,13,38331.0,Good,Yes,3,17
EMP1201,22.0,Sales,Delhi,1,35080.0,Good,No,4,9
EMP1202,,Marketing,Hyderabad,8,60435.0,Excellent,Yes,2,19
EMP1203,49.0,Marketing,Bangalore,19,76129.0,Poor,No,5,5
EMP1204,46.0,Marketing,Chennai,25,51934.0,Good,No,5,6
EMP1205,44.0,Finance,Hyderabad,28,64551.0,Average,No,2,3
EMP1206,52.0,Engineering,Bangalore,0,71013.0,Average,No,5,1
EMP1207,51.0,Finance,Bangalore,34,45099.0,Poor,No,1,16
EMP1208,56.0,Engineering,Mumbai,5,59700.0,Excellent,No,2,11
EMP1209,28.0,Marketing,Chennai,4,50002.0,Average,No,4,13
EMP1210,37.0,Marketing,Mumbai,32,84091.0,Good,Yes,2,10
EMP1211,47.0,Finance,Delhi,13,83436.0,Average,No,3,3
EMP1212,23.0,Finance,Mumbai,11,45114.0,Average,No,4,9
EMP1213,22.0,Engineering,Mumbai,19,65788.0,Average,Yes,3,12
EMP1214,33.0,HR,Hyderabad,23,76013.0,Good,No,4,14
EMP1215,26.0,Engineering,Bangalore,33,72724.0,Average,No,5,1
EMP1216,58.0,Finance,Chennai,24,61223.0,Good,No,2,18
EMP1217,53.0,Finance,Mumbai,28,79598.0,Average,No,1,17
EMP1218,30.0,Sales,Chennai,30,46432.0,Poor,No,4,9
EMP1219,56.0,Finance,Mumbai,22,55453.0,Good,Yes,4,9
EMP1220,40.0,Sales,Delhi,19,46835.0,Poor,No,3,10
EMP1221,37.0,HR,Mumbai,22,71737.0,Excellent,No,5,19
EMP1222,24.0,Engineering,Hyderabad,15,51260.0,Excellent,No,3,15
EMP1223,41.0,Engineering,Bangalore,7,,Excellent,No,3,5
EMP1224,45.0,Sales,Delhi,20,69265.0,Good,No,5,15
EMP1225,54.0,Engineering,Mumbai,0,70473.0,Average,No,1,2
EMP1226,45.0,Finance,Chennai,7,46393.0,Excellent,No,3,13
EMP1227,32.0,Marketing,Delhi,28,75849.0,Excellent,Yes,3,16
EMP1228,29.0,Sales,Delhi,31,66835.0,Poor,No,4,15
EMP1229,57.0,Engineering,Mumbai,4,43774.0,Average,No,5,10
EMP1230,59.0,Sales,Delhi,21,40084.0,Average,Yes,2,14
EMP1231,41.0,Sales,Chennai,33,59762.0,Average,No,1,10
EMP1232,56.0,Marketing,Delhi,0,72751.0,Average,No,1,14
EMP1233,46.0,Finance,Chennai,25,73135.0,Excellent,No,5,9
EMP1234,56.0,Sales,Mumbai,9,65342.0,Good,Yes,4,14
EMP1235,46.0,Engineering,Bangalore,29,60730.0,Average,No,4,3
EMP1236,50.0,HR,Delhi,17,67676.0,Good,No,5,16
EMP1237,39.0,Sales,Bangalore,16,47170.0,Average,No,4,2
EMP1238,39.0,Sales,Chennai,25,85304.0,Excellent,Yes,1,10
EMP1239,23.0,Marketing,Delhi,7,85109.0,Good,No,1,3
EMP1240,56.0,Finance,Hyderabad,11,66432.0,Good,No,2,11
EMP1241,37.0,HR,Bangalore,26,,Average,No,5,11
EMP1242,57.0,Engineering,Delhi,7,53828.0,Good,No,3,13
EMP1243,54.0,HR,Bangalore,24,67931.0,Average,No,3,7
EMP1244,25.0,Engineering,Delhi,3,49630.0,Excellent,No,2,17
EMP1245,54.0,Finance,Mumbai,32,26645.0,Excellent,Yes,2,2
EMP1246,35.0,Engineering,Bangalore,0,25000.0,Average,No,4,12
EMP1247,42.0,Marketing,Hyderabad,18,48007.0,Average,Yes,2,10
EMP1248,41.0,Marketing,Hyderabad,30,62345.0,Excellent,No,2,18
EMP1249,29.0,Marketing,Chennai,15,,Average,Yes,3,11
EMP1250,28.0,Marketing,Delhi,13,52698.0,Good,No,4,16
EMP1251,,HR,Bangalore,4,62127.0,Good,No,2,17
EMP1252,38.0,Finance,Chennai,25,55886.0,Excellent,No,2,19
EMP1253,54.0,Engineering,Bangalore,27,45010.0,Average,Yes,4,18
EMP1254,33.0,Engineering,Delhi,1,59193.0,Average,No,5,3
EMP1255,43.0,Marketing,Hyderabad,5,72194.0,Good,No,4,16
EMP1256,43.0,Marketing,Mumbai,8,45689.0,Average,No,3,6
EMP1257,51.0,Sales,Hyderabad,32,45695.0,Good,No,5,12
EMP1258,59.0,Finance,Chennai,24,43961.0,Good,No,1,11
EMP1259,59.0,HR,Mumbai,12,30952.0,Excellent,No,4,15
EMP1260,29.0,Engineering,Chennai,8,52796.0,Good,No,3,15
EMP1261,48.0,Sales,Delhi,12,70711.0,Excellent,No,5,16
EMP1262,48.0,Sales,Mumbai,30,62608.0,Good,No,4,10
EMP1263,55.0,Engineering,Chennai,10,57461.0,Average,No,2,12
EMP1264,42.0,HR,Delhi,3,61935.0,Good,Yes,4,13
EMP1265,51.0,Sales,Hyderabad,33,52665.0,Good,Yes,1,4
EMP1266,54.0,Sales,Delhi,3,30781.0,Excellent,Yes,4,7
EMP1267,49.0,Finance,Bangalore,18,71755.0,Good,No,5,2
EMP1268,54.0,HR,Delhi,5,76066.0,Good,No,5,15
EMP1269,26.0,Sales,Delhi,33,49077.0,Average,No,4,8
EMP1270,40.0,HR,Bangalore,17,57737.0,Excellent,No,5,7
EMP1271,25.0,Engineering,Chennai,12,56445.0,Average,Yes,2,15
EMP1272,56.0,Marketing,Chennai,22,65269.0,Average,No,4,14
EMP1273,38.0,Sales,Delhi,18,85348.0,Good,No,2,8
EMP1274,49.0,Finance,Bangalore,10,77396.0,Average,No,2,12
EMP1275,51.0,Engineering,Bangalore,0,54346.0,Good,Yes,3,13
EMP1276,50.0,HR,Hyderabad,23,68136.0,Average,No,4,11
EMP1277,27.0,Engineering,Chennai,6,78815.0,Good,No,5,17
EMP1278,56.0,Sales,Mumbai,24,66125.0,Good,No,2,17
EMP1279,58.0,HR,Chennai,20,59929.0,Good,No,3,4
EMP1280,45.0,Marketing,Chennai,14,66690.0,Good,No,4,8
EMP1281,50.0,Engineering,Hyderabad,0,49450.0,Good,No,4,5
EMP1282,52.0,Sales,Mumbai,11,51640.0,Good,No,1,16
EMP1283,56.0,Finance,Hyderabad,6,44039.0,Excellent,No,1,4
EMP1284,54.0,HR,Mumbai,14,64605.0,Poor,No,2,15
EMP1285,42.0,Engineering,Delhi,20,58028.0,Average,No,1,12
EMP1286,53.0,Engineering,Mumbai,18,,Good,No,2,5
EMP1287,44.0,Marketing,Hyderabad,28,57537.0,Excellent,No,5,16
EMP1288,54.0,Marketing,Chennai,24,67049.0,Average,No,2,14
EMP1289,24.0,Finance,Mumbai,32,88720.0,Average,No,1,10
EMP1290,39.0,Finance,Mumbai,31,75181.0,Average,No,5,7
EMP1291,46.0,Sales,Bangalore,34,25737.0,Good,Yes,1,13
EMP1292,52.0,Sales,Chennai,25,63589.0,Good,No,2,5
EMP1293,24.0,Finance,Delhi,10,81439.0,Excellent,No,3,3
EMP1294,45.0,Finance,Hyderabad,34,39931.0,Excellent,No,4,15
EMP1295,53.0,HR,Delhi,7,68273.0,Average,No,1,4
EMP1296,43.0,Marketing,Chennai,13,56450.0,Average,No,2,15
EMP1297,44.0,Sales,Mumbai,9,77254.0,Good,No,5,14
EMP1298,23.0,Marketing,Mumbai,1,66063.0,Average,No,1,19
EMP1299,,Marketing,Chennai,8,,Good,No,1,13
EMP1300,23.0,Finance,Mumbai,2,56987.0,Good,No,4,10
EMP1301,47.0,HR,Mumbai,20,57874.0,Good,No,2,5
EMP1302,38.0,Engineering,Mumbai,25,58152.0,Poor,No,3,6
EMP1303,54.0,HR,Hyderabad,7,76788.0,Excellent,No,5,4
EMP1304,30.0,HR,Hyderabad,1,47360.0,Poor,No,2,2
EMP1305,50.0,Marketing,Bangalore,5,75045.0,Average,Yes,5,16
EMP1306,47.0,HR,Delhi,27,55466.0,Excellent,No,1,18
EMP1307,56.0,Sales,Chennai,28,63352.0,Good,Yes,4,5
EMP1308,46.0,Marketing,Chennai,25,61085.0,Average,No,4,4
EMP1309,45.0,Sales,Chennai,24,59672.0,Good,Yes,3,13
EMP1310,34.0,Engineering,Bangalore,11,59795.0,Poor,Yes,4,19
EMP1311,28.0,Marketing,Hyderabad,4,,Poor,No,1,2
EMP1312,,Engineering,Bangalore,33,72636.0,Good,No,3,13
EMP1313,41.0,Marketing,Chennai,14,54559.0,Good,No,2,11
EMP1314,22.0,Finance,Delhi,14,83741.0,Poor,No,4,4
EMP1315,29.0,HR,Mumbai,22,64120.0,Average,No,3,15
EMP1316,37.0,Finance,Hyderabad,5,65364.0,Excellent,No,1,4
EMP1317,35.0,Engineering,Hyderabad,20,47440.0,Excellent,No,5,9
EMP1318,33.0,HR,Bangalore,22,52537.0,Good,No,5,7
EMP1319,44.0,Marketing,Hyderabad,15,49672.0,Poor,No,1,19
EMP1320,36.0,HR,Chennai,14,61291.0,Average,No,1,19
EMP1321,49.0,Sales,Chennai,24,69581.0,Average,No,5,6
EMP1322,55.0,HR,Bangalore,10,65508.0,Excellent,No,3,6
EMP1323,23.0,Sales,Chennai,14,83820.0,Good,No,5,15
EMP1324,53.0,HR,Delhi,3,46683.0,Average,No,1,15
EMP1325,44.0,Sales,Bangalore,20,61723.0,Excellent,No,4,9
EMP1326,43.0,Engineering,Delhi,12,40755.0,Good,No,2,4
EMP1327,46.0,Finance,Mumbai,21,46171.0,Excellent,No,4,18
EMP1328,43.0,Marketing,Delhi,18,78968.0,Average,No,4,18
EMP1329,43.0,HR,Mumbai,33,53052.0,Poor,No,1,5
EMP1330,27.0,Finance,Mumbai,13,47949.0,Good,No,5,11
EMP1331,36.0,Marketing,Delhi,3,250000.0,Good,No,3,5
EMP1332,58.0,Marketing,Bangalore,26,,Average,No,4,4
EMP1333,54.0,Sales,Chennai,28,56920.0,Poor,No,5,12
EMP1334,29.0,Engineering,Chennai,27,39638.0,Excellent,No,3,2
EMP1335,26.0,Engineering,Mumbai,34,56058.0,Good,No,4,13
EMP1336,25.0,Finance,Mumbai,7,79059.0,Good,No,3,10
EMP1337,27.0,Engineering,Bangalore,15,49390.0,Average,Yes,5,9
EMP1338,53.0,HR,Hyderabad,29,45849.0,Good,No,2,10
EMP1339,51.0,Engineering,Delhi,17,43141.0,Excellent,No,5,7
EMP1340,56.0,Finance,Mumbai,1,,Average,No,1,4
EMP1341,37.0,Engineering,Chennai,12,68033.0,Average,No,3,19
EMP1342,34.0,HR,Bangalore,3,60730.0,Excellent,No,2,10
EMP1343,51.0,Sales,Delhi,25,74352.0,Average,No,3,3
EMP1344,40.0,Finance,Bangalore,24,90297.0,Excellent,No,3,19
EMP1345,38.0,Sales,Delhi,29,32544.0,Good,Yes,4,2
EMP1346,40.0,Sales,Delhi,10,65701.0,Good,No,1,10
EMP1347,49.0,Sales,Mumbai,6,43220.0,Average,No,3,2
EMP1348,47.0,Marketing,Bangalore,30,71833.0,Good,No,5,2
EMP1349,58.0,Marketing,Bangalore,9,55921.0,Average,No,5,17
EMP1350,47.0,Sales,Chennai,12,60409.0,Average,No,4,16
EMP1351,44.0,Finance,Chennai,30,40752.0,Average,No,1,16
EMP1352,30.0,HR,Mumbai,6,53603.0,Average,No,1,14
EMP1353,33.0,HR,Mumbai,19,61344.0,Average,No,5,7
EMP1354,22.0,Engineering,Hyderabad,3,80341.0,Excellent,No,2,11
EMP1355,22.0,Finance,Chennai,6,,Good,Yes,4,1
EMP1356,55.0,Marketing,Delhi,0,51739.0,Poor,No,4,11
EMP1357,53.0,Sales,Bangalore,12,74164.0,Excellent,No,5,4
EMP1358,46.0,Engineering,Mumbai,21,47109.0,Average,No,5,7
EMP1359,22.0,HR,Bangalore,20,77135.0,Poor,Yes,2,15
EMP1360,37.0,Marketing,Bangalore,21,59863.0,Excellent,No,2,18
EMP1361,26.0,Marketing,Hyderabad,27,64546.0,Average,No,1,12
EMP1362,43.0,Sales,Chennai,8,65512.0,Good,Yes,4,17
EMP1363,50.0,HR,Mumbai,25,50756.0,Good,No,4,1
EMP1364,24.0,Finance,Bangalore,8,65848.0,Excellent,No,5,11
EMP1365,33.0,Marketing,Mumbai,14,48414.0,Excellent,No,1,1
EMP1366,47.0,Sales,Delhi,9,52468.0,Average,No,4,15
EMP1367,37.0,Finance,Hyderabad,23,68380.0,Average,No,1,10
EMP1368,58.0,HR,Delhi,7,64400.0,Average,No,1,7
EMP1369,43.0,Marketing,Mumbai,23,58875.0,Good,No,5,2
EMP1370,50.0,Finance,Mumbai,15,41119.0,Excellent,No,1,10
EMP1371,35.0,Finance,Chennai,25,44862.0,Average,Yes,2,4
EMP1372,49.0,Finance,Bangalore,26,64150.0,Good,No,2,12
EMP1373,26.0,Marketing,Bangalore,3,70982.0,Poor,No,3,19
EMP1374,51.0,Marketing,Delhi,23,43355.0,Average,No,5,11
EMP1375,26.0,Engineering,Hyderabad,18,47402.0,Average,No,3,8
EMP1376,33.0,HR,Bangalore,9,62012.0,Poor,No,2,18
EMP1377,37.0,Sales,Chennai,24,61691.0,Excellent,Yes,3,11
EMP1378,47.0,Finance,Delhi,17,35640.0,Average,No,5,11
EMP1379,47.0,Engineering,Delhi,18,62423.0,Good,No,5,13
EMP1380,42.0,Sales,Chennai,9,51024.0,Poor,No,1,3
EMP1381,57.0,Engineering,Hyderabad,32,84615.0,Good,No,4,12
EMP1382,54.0,Marketing,Chennai,4,63737.0,Average,No,1,3
EMP1383,51.0,Finance,Hyderabad,34,66322.0,Average,No,5,10
EMP1384,58.0,Sales,Chennai,33,66710.0,Excellent,No,2,17
EMP1385,44.0,Sales,Chennai,32,41791.0,Good,No,2,2
EMP1386,31.0,Sales,Mumbai,20,89158.0,Average,No,1,17
EMP1387,26.0,Sales,Delhi,16,35656.0,Good,No,5,16
EMP1388,57.0,Sales,Chennai,21,71935.0,Good,No,2,2
EMP1389,55.0,Engineering,Chennai,14,69279.0,Good,Yes,5,6
EMP1390,52.0,Finance,Bangalore,34,52844.0,Excellent,No,2,10
EMP1391,31.0,Marketing,Delhi,27,69996.0,Average,No,5,10
EMP1392,40.0,Marketing,Bangalore,6,55236.0,Good,No,3,8
EMP1393,53.0,Marketing,Delhi,31,49868.0,Excellent,No,5,1
EMP1394,22.0,Marketing,Bangalore,10,,Good,No,5,13
EMP1395,,Engineering,Chennai,9,44901.0,Good,No,1,9
EMP1396,25.0,HR,Chennai,8,56636.0,Excellent,No,3,10
EMP1397,,Finance,Mumbai,13,51087.0,Good,No,4,15
EMP1398,45.0,Sales,Bangalore,12,54960.0,Good,Yes,1,5
EMP1399,37.0,HR,Hyderabad,24,66490.0,Good,No,4,16
EMP1400,23.0,Marketing,Mumbai,1,51084.0,Average,No,2,13
EMP1401,49.0,HR,Bangalore,34,57115.0,Good,No,4,18
EMP1402,53.0,Finance,Bangalore,6,52452.0,Average,No,5,11
EMP1403,48.0,Sales,Mumbai,20,81659.0,Good,No,4,9
EMP1404,41.0,Sales,Chennai,17,65139.0,Good,No,1,16
EMP1405,45.0,Finance,Bangalore,2,63301.0,Average,No,1,2
EMP1406,33.0,Finance,Chennai,10,70251.0,Good,No,4,2
EMP1407,56.0,Marketing,Mumbai,23,51087.0,Average,No,1,12
EMP1408,54.0,Sales,Chennai,18,72888.0,Average,No,1,8
EMP1409,54.0,HR,Delhi,3,65192.0,Good,No,4,9
EMP1410,58.0,Engineering,Hyderabad,25,36586.0,Average,No,3,12
EMP1411,33.0,Engineering,Bangalore,31,38579.0,Average,No,3,9
EMP1412,24.0,Finance,Hyderabad,32,51415.0,Good,No,2,10
EMP1413,22.0,Marketing,Chennai,2,40184.0,Good,No,1,2
EMP1414,54.0,Engineering,Bangalore,8,56425.0,Excellent,No,4,16
EMP1415,31.0,Sales,Chennai,7,44793.0,Average,No,1,7
EMP1416,50.0,Finance,Delhi,32,58534.0,Average,Yes,5,2
EMP1417,34.0,HR,Mumbai,5,81175.0,Poor,No,1,1
EMP1418,33.0,Finance,Bangalore,3,59259.0,Average,No,1,19
EMP1419,52.0,HR,Delhi,12,55455.0,Good,Yes,3,4
EMP1420,23.0,Finance,Delhi,1,65823.0,Excellent,No,4,2
EMP1421,56.0,Finance,Bangalore,4,49553.0,Average,No,1,14
EMP1422,44.0,Finance,Chennai,26,72651.0,Good,Yes,3,2
EMP1423,38.0,HR,Delhi,31,67428.0,Poor,No,2,15
EMP1424,47.0,HR,Hyderabad,20,60582.0,Good,No,3,12
EMP1425,29.0,Finance,Delhi,7,62314.0,Good,No,3,5
EMP1426,50.0,Engineering,Chennai,7,90626.0,Average,No,3,7
EMP1427,47.0,Marketing,Chennai,2,74134.0,Average,No,1,10
EMP1428,31.0,Marketing,Hyderabad,2,92992.0,Good,No,1,14
EMP1429,47.0,Marketing,Delhi,21,67980.0,Average,No,2,14
EMP1430,55.0,HR,Chennai,5,37924.0,Good,No,5,5
EMP1431,28.0,HR,Bangalore,1,56067.0,Average,No,5,18
EMP1432,25.0,Engineering,Mumbai,22,34496.0,Average,No,5,14
EMP1433,32.0,Marketing,Mumbai,1,67924.0,Average,No,2,2
EMP1434,50.0,Marketing,Mumbai,16,71181.0,Average,No,5,12
EMP1435,57.0,Finance,Delhi,34,46711.0,Good,No,5,6
EMP1436,46.0,HR,Hyderabad,33,50165.0,Good,No,3,4
EMP1437,42.0,Marketing,Chennai,22,62231.0,Poor,No,1,13
EMP1438,57.0,Engineering,Bangalore,29,42028.0,Good,No,1,4
EMP1439,31.0,Engineering,Bangalore,7,40902.0,Poor,Yes,3,14
EMP1440,58.0,Marketing,Delhi,21,78579.0,Excellent,No,3,16
EMP1441,30.0,HR,Mumbai,4,61720.0,Average,No,3,4
EMP1442,45.0,Engineering,Delhi,12,51628.0,Average,No,1,1
EMP1443,56.0,Finance,Hyderabad,28,34618.0,Poor,No,5,13
EMP1444,56.0,Engineering,Hyderabad,30,72785.0,Good,No,3,4
EMP1445,57.0,Sales,Chennai,15,49732.0,Average,No,2,18
EMP1446,39.0,Sales,Chennai,29,87910.0,Good,No,3,6
EMP1447,53.0,HR,Hyderabad,15,72889.0,Excellent,Yes,4,3
EMP1448,45.0,Marketing,Hyderabad,11,47877.0,Average,No,3,13
EMP1449,44.0,HR,Hyderabad,16,49267.0,Average,No,1,16
EMP1450,53.0,HR,Delhi,15,85827.0,Poor,No,3,5
EMP1451,58.0,HR,Hyderabad,11,58736.0,Good,No,4,4
EMP1452,33.0,HR,Bangalore,7,52300.0,Good,No,2,8
EMP1453,34.0,Finance,Mumbai,19,60415.0,Excellent,No,5,19
EMP1454,44.0,Finance,Hyderabad,2,52231.0,Good,No,3,14
EMP1455,46.0,Engineering,Mumbai,15,63615.0,Good,No,4,7
EMP1456,56.0,Sales,Delhi,29,58862.0,Average,No,4,14
EMP1457,51.0,HR,Mumbai,22,73132.0,Good,No,2,6
EMP1458,38.0,Engineering,Delhi,27,54171.0,Poor,No,1,12
EMP1459,41.0,Sales,Bangalore,4,46727.0,Poor,No,3,16
EMP1460,46.0,Marketing,Delhi,19,54765.0,Average,No,4,17
EMP1461,43.0,Finance,Delhi,0,54673.0,Poor,No,2,13
EMP1462,34.0,Sales,Chennai,29,58836.0,Average,No,5,14
EMP1463,,Marketing,Hyderabad,20,69518.0,Good,No,4,7
EMP1464,57.0,Sales,Hyderabad,19,250000.0,Excellent,No,2,14
EMP1465,33.0,Finance,Bangalore,5,77994.0,Good,No,1,15
EMP1466,40.0,Finance,Bangalore,21,47827.0,Good,No,1,12
EMP1467,33.0,Engineering,Hyderabad,17,65830.0,Average,Yes,4,17
EMP1468,30.0,HR,Chennai,7,70909.0,Good,No,4,9
EMP1469,28.0,Sales,Hyderabad,31,49886.0,Average,No,3,15
EMP1470,49.0,Sales,Chennai,32,56885.0,Average,No,2,12
EMP1471,35.0,Marketing,Bangalore,15,,Excellent,No,4,2
EMP1472,52.0,Finance,Mumbai,11,73602.0,Poor,No,3,5
EMP1473,40.0,Sales,Bangalore,33,56767.0,Good,No,3,13
EMP1474,37.0,Finance,Bangalore,13,72098.0,Good,Yes,4,8
EMP1475,26.0,Sales,Delhi,32,63090.0,Average,No,1,14
EMP1476,56.0,Engineering,Delhi,22,57222.0,Excellent,No,2,15
EMP1477,,HR,Delhi,1,36107.0,Average,Yes,2,11
EMP1478,46.0,Sales,Delhi,20,38775.0,Good,No,1,1
EMP1479,42.0,Finance,Chennai,1,25000.0,Good,No,4,3
EMP1480,57.0,Engineering,Hyderabad,26,51560.0,Poor,Yes,2,17
EMP1481,44.0,Sales,Mumbai,8,94173.0,Good,No,4,19
EMP1482,37.0,Marketing,Bangalore,0,40680.0,Good,Yes,4,14
EMP1483,35.0,HR,Chennai,10,25000.0,Good,No,3,8
EMP1484,52.0,Sales,Mumbai,2,74440.0,Poor,No,1,13
EMP1485,26.0,Engineering,Chennai,22,95455.0,Excellent,No,4,3
EMP1486,56.0,Marketing,Chennai,25,64468.0,Good,No,5,5
EMP1487,44.0,Engineering,Bangalore,3,64330.0,Excellent,No,1,9
EMP1488,50.0,Engineering,Hyderabad,17,55351.0,Excellent,No,2,6
EMP1489,32.0,Marketing,Delhi,5,33086.0,Average,No,3,2
EMP1490,39.0,Engineering,Hyderabad,34,38239.0,Average,No,2,13
EMP1491,33.0,Marketing,Bangalore,21,55248.0,Good,No,2,5
EMP1492,30.0,Sales,Bangalore,14,52373.0,Average,Yes,1,8
EMP1493,31.0,Marketing,Bangalore,21,58272.0,Good,No,2,1
EMP1494,38.0,Marketing,Mumbai,11,72439.0,Poor,Yes,4,12
EMP1495,59.0,HR,Hyderabad,17,51272.0,Poor,No,2,11
EMP1496,28.0,Marketing,Hyderabad,34,72745.0,Good,No,3,7
EMP1497,34.0,Marketing,Chennai,29,51370.0,Average,No,3,15
EMP1498,30.0,Sales,Chennai,23,75573.0,Average,No,5,11
EMP1499,48.0,HR,Chennai,29,,Good,No,3,16
